Put Gamma,Put Vega,Put Theta,Put Delta,PCR,Put POP %,Put Volume,Put OI Change,Put Change %,Put OI,Put Bid Price,Put Offer Price,Put Intrinsic Value(Fut),Put Intrinsic Value(Spot),Put Time Value,Put LTP,Strike,IV,Instrument,Call LTP,Call Time Value,Call Intrinsic Value(Spot),Call Intrinsic Value(Fut),Call Bid Price,Call Offer Price,Call OI,Call Change %,Call OI Change,Call Volume,Call POP %,Call Delta,Call Theta,Call Vega,Call Gamma
0.00010,3.75,-2.61,-0.04,--,--,--,--,--,--,3.60,6.50,--,--,14.30,14.30,22100,20.90,NIFTY,2197.05,456.14,1679.15,1740.91,1566.25,1876.15,--,--,--,--,0,0.96,-2.61,3.75,0.00010
0.00010,4.08,-2.84,-0.04,--,--,--,--,--,--,4.00,7.00,--,--,16.05,16.05,22150,20.80,NIFTY,2149.05,458.14,1629.15,1690.91,1520.40,1825.45,--,--,--,--,0,0.96,-2.84,4.08,0.00010
0.00010,4.43,-3.06,-0.04,--,0,--,--,--,--,5.10,7.20,--,--,17.95,17.95,22200,20.80,NIFTY,2101.25,460.34,1579.15,1640.91,1474.35,1772.95,--,--,--,--,0,0.96,-3.06,4.43,0.00010
0.00010,4.79,-3.31,-0.05,--,0,--,--,--,--,4.40,--,--,--,20.05,20.05,22250,20.70,NIFTY,2053.65,462.74,1529.15,1590.91,1419.00,1723.20,--,--,--,--,0,0.95,-3.31,4.79,0.00010
0.00010,2.54,-1.40,-0.02,--,0,43355.00,7475.00,46.20,23660.00,5.85,6.85,--,--,6.60,6.60,22300,16.50,NIFTY,2006.25,465.34,1479.15,1540.91,1384.90,1668.45,--,--,--,--,0,0.98,-1.40,2.54,0.00010
0.00010,2.44,-1.29,-0.02,--,0,6825.00,2730.00,7.70,38220.00,6.50,7.50,--,--,6.00,6.00,22350,15.80,NIFTY,1959.05,468.14,1429.15,1490.91,1337.25,1617.90,--,--,--,--,0,0.98,-1.29,2.44,0.00010
0.00010,2.80,-1.47,-0.02,--,0,3770.00,2340.00,25.40,11570.00,6.30,7.75,--,--,7.20,7.20,22400,15.80,NIFTY,1912.10,471.19,1379.15,1440.91,1260.45,1565.45,--,--,--,--,0,0.98,-1.47,2.80,0.00010
0.00010,4.06,-2.30,-0.04,--,0,--,--,--,195.00,5.65,--,--,--,12.95,12.95,22450,17.00,NIFTY,1865.40,474.49,1329.15,1390.91,1242.50,1515.55,--,--,--,--,0,0.96,-2.30,4.06,0.00010
0.00010,3.60,-1.88,-0.03,737,0,163865.00,84760.00,145.20,143130.00,7.20,8.40,--,--,10.10,10.10,22500,15.70,NIFTY,1461.10,120.19,1279.15,1340.91,1197.40,1431.35,195.00,--,195.00,325.00,0,0.97,-1.88,3.60,0.00010
0.00010,3.28,-1.61,-0.03,--,0,9620.00,4225.00,464.30,5135.00,7.10,--,--,--,8.30,8.30,22550,14.70,NIFTY,1772.85,481.94,1229.15,1290.91,1151.35,1410.20,--,--,--,--,0,0.97,-1.61,3.28,0.00010
0.00010,3.54,-1.70,-0.03,--,0,35425.00,10140.00,69.60,24700.00,7.25,11.10,--,--,9.05,9.05,22600,14.40,NIFTY,1727.05,486.14,1179.15,1240.91,1087.55,1358.70,--,--,--,--,0,0.97,-1.70,3.54,0.00010
0.00010,3.77,-1.77,-0.04,--,0,260.00,65.00,2.40,2730.00,7.80,18.90,--,--,9.65,9.65,22650,14.10,NIFTY,1681.55,490.64,1129.15,1190.91,1008.95,1309.25,--,--,--,--,0,0.96,-1.77,3.77,0.00010
0.00010,4.25,-1.99,-0.04,--,0,74295.00,32890.00,208.20,48685.00,8.65,12.60,--,--,11.40,11.40,22700,14.00,NIFTY,1636.35,495.44,1079.15,1140.91,988.65,1256.75,--,--,--,--,0,0.96,-1.99,4.25,0.00010
0.00010,4.41,-1.99,-0.04,--,0,1495.00,780.00,--,780.00,9.60,11.60,--,--,11.60,11.60,22750,13.60,NIFTY,1591.55,500.64,1029.15,1090.91,916.95,1206.85,--,--,--,--,0,0.96,-1.99,4.41,0.00010
0.00010,4.51,-1.96,-0.04,--,0,131235.00,23855.00,48.80,72735.00,11.50,13.00,--,--,11.50,11.50,22800,13.00,NIFTY,1547.15,506.24,979.15,1040.91,870.95,1154.00,--,--,--,--,0,0.96,-1.96,4.51,0.00010
0.00020,5.07,-2.18,-0.05,--,0,33345.00,14950.00,1000.00,16445.00,11.50,22.00,--,--,13.50,13.50,22850,12.90,NIFTY,1503.15,512.24,929.15,990.91,824.95,1103.70,--,--,--,--,0,0.95,-2.18,5.07,0.00020
0.00020,11.14,-7.17,-0.15,--,0,--,--,--,--,11.50,23.30,--,--,72.20,72.20,22900,19.30,NIFTY,1459.55,518.64,879.15,940.91,779.40,1057.50,--,--,--,--,0,0.85,-7.17,11.14,0.00020
0.00030,11.71,-7.48,-0.16,--,0,--,--,--,--,11.55,--,--,--,78.75,78.75,22950,19.20,NIFTY,1416.40,525.49,829.15,890.91,733.40,1005.45,--,--,--,--,0,0.84,-7.48,11.71,0.00030
0.00020,6.60,-2.68,-0.07,--,0,663000.00,107835.00,72.30,257010.00,18.40,19.70,--,--,18.90,18.90,23000,12.20,NIFTY,1373.75,532.84,779.15,840.91,649.65,952.80,--,--,--,--,0,0.93,-2.68,6.60,0.00020
0.00030,12.86,-8.09,-0.18,--,0,--,--,--,--,15.80,87.10,--,--,93.30,93.30,23050,18.90,NIFTY,1331.55,540.64,729.15,790.91,621.15,1026.90,--,--,--,--,0,0.82,-8.09,12.86,0.00030
0.00030,13.43,-8.39,-0.20,--,0,--,--,--,--,16.80,87.75,--,--,101.35,101.35,23100,18.70,NIFTY,1289.85,548.94,679.15,740.91,604.60,973.60,--,--,--,--,0,0.80,-8.39,13.43,0.00030
0.00030,14.00,-8.67,-0.21,--,0,--,--,--,--,19.00,51.65,--,--,109.90,109.90,23150,18.60,NIFTY,1248.70,557.79,629.15,690.91,565.50,814.50,--,--,--,--,0,0.79,-8.67,14.00,0.00030
0.00040,9.71,-3.75,-0.12,19,0,494065.00,150280.00,260.40,208000.00,28.40,34.20,--,--,33.70,33.70,23200,11.60,NIFTY,668.35,27.44,579.15,640.91,658.10,676.10,10725.00,--,10725.00,13455.00,0,0.88,-3.75,9.71,0.00040
0.00040,10.55,-4.01,-0.14,768,0,66170.00,21385.00,74.90,49920.00,32.35,38.30,--,--,38.35,38.35,23250,11.40,NIFTY,735.00,144.09,529.15,590.91,485.50,705.60,65.00,--,--,--,0,0.86,-4.01,10.55,0.00040
0.00040,11.28,-4.16,-0.15,21,0,263965.00,40235.00,39.10,143195.00,42.05,45.00,--,--,42.00,42.00,23300,11.10,NIFTY,583.70,42.79,479.15,540.91,575.55,592.45,7085.00,990.00,6435.00,7345.00,0,0.85,-4.16,11.28,0.00040
0.00040,16.17,-9.62,-0.28,--,0,--,--,--,--,36.20,75.95,--,--,149.80,149.80,23350,17.80,NIFTY,1089.75,598.84,429.15,490.91,192.20,636.20,--,--,--,--,0,0.72,-9.62,16.17,0.00040
0.00050,13.45,-4.93,-0.20,10676,0,918385.00,248365.00,55.60,694720.00,56.80,59.05,--,--,59.20,59.20,23400,11.00,NIFTY,535.45,94.54,379.15,440.91,486.40,505.95,130.00,--,130.00,130.00,0,0.80,-4.93,13.45,0.00050
0.00060,14.41,-5.21,-0.22,190,0,66495.00,44525.00,260.50,61620.00,64.25,71.95,--,--,68.00,68.00,23450,10.80,NIFTY,494.00,103.09,329.15,390.91,145.95,472.15,325.00,--,325.00,325.00,0,0.78,-5.21,14.41,0.00060
0.00060,15.43,-5.56,-0.25,19,0,820170.00,160810.00,57.70,439335.00,77.05,79.95,--,--,79.75,79.75,23500,10.80,NIFTY,416.20,75.29,279.15,340.91,410.10,425.70,23335.00,28.20,5135.00,26130.00,0,0.75,-5.56,15.43,0.00060
0.00070,16.31,-5.79,-0.28,6,0,62075.00,11245.00,60.70,29770.00,87.20,92.95,--,--,90.90,90.90,23550,10.70,NIFTY,383.35,92.44,229.15,290.91,182.00,387.25,5330.00,1266.70,4940.00,8320.00,0,0.72,-5.79,16.31,0.00070
0.00070,17.13,-6.01,-0.31,11,0,268190.00,18525.00,14.80,143390.00,102.25,104.90,--,--,104.00,104.00,23600,10.50,NIFTY,343.20,102.29,179.15,240.91,336.55,347.00,12805.00,149.40,7670.00,26390.00,0,0.69,-6.01,17.13,0.00070
0.00070,17.88,-6.25,-0.35,18,0,43810.00,12805.00,118.70,23595.00,117.80,120.85,--,--,120.15,120.15,23650,10.50,NIFTY,310.30,119.39,129.15,190.91,302.45,317.60,1365.00,--,1365.00,2080.00,0,0.65,-6.25,17.88,0.00070
0.00080,18.48,-6.44,-0.39,2,0,305825.00,65845.00,157.50,107640.00,135.40,138.00,--,--,138.25,138.25,23700,10.50,NIFTY,273.20,132.29,79.15,140.91,271.95,281.25,57785.00,134.60,33150.00,119730.00,0,0.61,-6.44,18.48,0.00080
0.00080,18.92,-6.42,-0.42,1,0,135070.00,24700.00,178.40,38545.00,153.85,157.50,--,--,153.90,153.90,23750,10.20,NIFTY,247.40,156.49,29.15,90.91,243.70,250.00,48165.00,2145.50,46020.00,108615.00,0,0.58,-6.42,18.92,0.00080
0.00080,19.20,-6.53,-0.46,1,0,864695.00,141375.00,89.30,299650.00,175.60,179.05,--,20.85,176.80,176.80,23800,10.20,NIFTY,219.40,178.49,--,40.91,216.30,219.95,226915.00,606.70,194805.00,553150.00,0,0.54,-6.53,19.20,0.00080
0.00080,19.28,-6.52,-0.50,0,0,131950.00,19240.00,100.00,38480.00,196.60,205.40,9.09,70.85,193.31,202.40,23850,10.20,NIFTY,191.25,191.25,--,--,189.70,193.25,85995.00,460.60,70655.00,174330.00,0,0.50,-6.52,19.28,0.00080
0.00080,19.17,-6.49,-0.54,1,0,473850.00,80925.00,49.50,244335.00,221.30,228.10,59.09,120.85,167.71,226.80,23900,10.20,NIFTY,168.05,168.05,--,--,165.00,167.80,372970.00,154.20,226265.00,599235.00,0,0.46,-6.49,19.17,0.00080
0.00080,18.85,-6.32,-0.58,1,0,66430.00,-1040.00,-3.10,32890.00,247.65,261.60,109.09,170.85,141.91,251.00,23950,10.10,NIFTY,144.60,144.60,--,--,143.45,146.70,57460.00,66.20,22880.00,161460.00,0,0.42,-6.32,18.85,0.00080
0.00080,18.34,-6.13,-0.62,1,0,720135.00,290875.00,106.40,564200.00,281.00,290.10,159.09,220.85,124.76,283.85,24000,10.00,NIFTY,124.80,124.80,--,--,123.05,126.00,850590.00,161.40,525200.00,1307605.00,0,0.38,-6.13,18.34,0.00080
0.00080,17.65,-5.89,-0.66,0,0,12870.00,-3120.00,-16.00,16380.00,309.50,323.65,209.09,270.85,107.91,317.00,24050,10.00,NIFTY,106.90,106.90,--,--,105.65,108.40,60710.00,83.50,27625.00,111020.00,0,0.34,-5.89,17.65,0.00080
0.00070,16.83,-5.62,-0.70,0,0,41665.00,-4290.00,-4.10,101270.00,345.50,349.75,259.09,320.85,86.91,346.00,24100,10.00,NIFTY,91.60,91.60,--,--,89.05,91.45,326495.00,24.60,64415.00,405795.00,0,0.30,-5.62,16.83,0.00070
0.00070,15.71,-5.12,-0.74,0,0,10075.00,5330.00,86.30,11505.00,379.65,390.00,309.09,370.85,69.26,378.35,24150,9.80,NIFTY,73.95,73.95,--,--,74.00,79.20,79235.00,65.60,31395.00,145080.00,0,0.26,-5.12,15.71,0.00070
0.00060,14.77,-4.90,-0.77,0,0,63050.00,25155.00,40.50,87295.00,420.00,427.70,359.09,420.85,61.76,420.85,24200,10.00,NIFTY,64.70,64.70,--,--,63.95,65.55,311870.00,133.50,178295.00,707200.00,0,0.23,-4.90,14.77,0.00060
0.00060,13.70,-4.58,-0.80,0,0,3315.00,325.00,2.30,14430.00,452.40,469.10,409.09,470.85,30.91,440.00,24250,10.00,NIFTY,55.00,55.00,--,--,51.40,55.00,81510.00,187.60,53170.00,165295.00,0,0.20,-4.58,13.70,0.00060
0.00050,12.42,-4.11,-0.83,0,0,15730.00,2730.00,10.30,29185.00,493.70,511.30,459.09,520.85,35.66,494.75,24300,9.90,NIFTY,44.50,44.50,--,--,44.35,47.00,316940.00,214.20,216060.00,663130.00,0,0.17,-4.11,12.42,0.00050
0.00050,11.29,-3.75,-0.85,0,0,715.00,-130.00,-5.90,2080.00,531.95,560.10,509.09,570.85,28.56,537.65,24350,10.00,NIFTY,37.25,37.25,--,--,34.85,40.05,63635.00,147.20,37895.00,114790.00,0,0.15,-3.75,11.29,0.00050
0.00040,10.37,-3.52,-0.87,0,0,3640.00,325.00,1.40,23595.00,575.20,595.00,559.09,620.85,26.01,585.10,24400,10.20,NIFTY,32.55,32.55,--,--,31.20,32.55,441805.00,276.10,324350.00,868790.00,0,0.13,-3.52,10.37,0.00040
0.00040,8.77,-2.88,-0.90,0,1,--,--,--,1235.00,595.20,672.95,609.09,670.85,-139.04,470.05,24450,9.80,NIFTY,23.60,23.60,--,--,23.50,28.05,48555.00,55.90,17420.00,108940.00,0,0.10,-2.88,8.77,0.00040
0.00030,8.45,-2.92,-0.90,0,0,14495.00,4745.00,14.50,37440.00,665.05,684.15,659.09,720.85,20.91,680.00,24500,10.40,NIFTY,23.40,23.40,--,--,21.35,23.40,525850.00,34.90,135980.00,1422655.00,0,0.10,-2.92,8.45,0.00030
0.00030,7.46,-2.59,-0.92,--,1,--,--,--,65.00,642.90,772.00,709.09,770.85,-160.59,548.50,24550,10.40,NIFTY,19.20,19.20,--,--,18.15,19.40,52065.00,-39.70,-34255.00,221455.00,0,0.08,-2.59,7.46,0.00030
0.00030,6.77,-2.39,-0.93,--,1,520.00,--,--,390.00,762.85,808.40,759.09,820.85,-44.09,715.00,24600,10.60,NIFTY,16.80,16.80,--,--,15.15,16.75,221650.00,21.60,39390.00,532545.00,0,0.07,-2.39,6.77,0.00030
0.00020,17.41,-19.68,-0.67,--,1,--,--,--,--,688.70,1012.65,809.09,870.85,-119.74,689.35,24650,33.90,NIFTY,336.80,336.80,--,--,12.00,37.20,--,--,--,--,0,0.33,-19.68,17.41,0.00020
0.00020,5.97,-2.25,-0.94,0,0,65.00,--,--,1040.00,760.40,997.80,859.09,920.85,15.91,875.00,24700,11.30,NIFTY,14.80,14.80,--,--,10.85,12.20,187070.00,40.00,53495.00,469625.00,0,0.06,-2.25,5.97,0.00020
0.00020,16.87,-18.82,-0.70,--,1,--,--,--,--,780.25,1052.15,909.09,970.85,-156.44,752.65,24750,33.50,NIFTY,300.70,300.70,--,--,8.50,28.90,--,--,--,--,0,0.30,-18.82,16.87,0.00020
0.00020,4.19,-1.55,-0.96,--,1,--,--,--,65.00,827.90,1100.50,959.09,1020.85,-160.69,798.40,24800,11.10,NIFTY,8.65,8.65,--,--,9.05,10.15,169585.00,69.20,69355.00,345865.00,0,0.04,-1.55,4.19,0.00020
0.00010,3.92,-1.49,-0.96,--,1,--,--,--,--,872.85,1152.40,1009.09,1070.85,-190.19,818.90,24850,11.40,NIFTY,8.10,8.10,--,--,7.50,9.50,25090.00,51.40,8515.00,32890.00,0,0.04,-1.49,3.92,0.00010
0.00010,3.72,-1.46,-0.97,--,1,--,--,--,--,918.65,1200.90,1059.09,1120.85,-205.99,853.10,24900,11.70,NIFTY,7.75,7.75,--,--,6.90,8.35,119730.00,-0.50,-585.00,304720.00,0,0.03,-1.46,3.72,0.00010
0.00020,15.59,-17.02,-0.74,--,1,--,--,--,--,964.50,1254.60,1109.09,1170.85,-221.14,887.95,24950,32.70,NIFTY,237.20,237.20,--,--,5.70,9.55,--,--,--,--,0,0.26,-17.02,15.59,0.00020
0.00010,3.10,-1.26,-0.97,--,1,--,--,--,--,1010.65,--,1159.09,1220.85,-479.09,680.00,25000,12.20,NIFTY,6.25,6.25,--,--,5.60,6.25,176670.00,41.50,51805.00,377065.00,0,0.03,-1.26,3.10,0.00010
0.00020,14.88,-16.07,-0.76,--,1,--,--,--,--,1056.80,1358.50,1209.09,1270.85,-249.39,959.70,25050,32.40,NIFTY,209.50,209.50,--,--,4.65,7.00,--,--,--,--,0,0.24,-16.07,14.88,0.00020
0.00010,2.71,-1.15,-0.98,--,1,--,--,--,--,1102.35,1408.30,1259.09,1320.85,-261.49,997.60,25100,12.70,NIFTY,5.45,5.45,--,--,4.70,5.50,70980.00,2.20,1560.00,125710.00,0,0.02,-1.15,2.71,0.00010
0.00020,14.15,-15.18,-0.78,--,1,--,--,--,--,1148.75,1461.10,1309.09,1370.85,-273.89,1035.20,25150,32.20,NIFTY,185.60,185.60,--,--,3.75,6.00,--,--,--,--,0,0.22,-15.18,14.15,0.00020
0.00010,2.32,-1.02,-0.98,--,1,--,--,--,--,1194.70,1512.25,1359.09,1420.85,-286.74,1072.35,25200,13.20,NIFTY,4.60,4.60,--,--,4.55,4.70,114400.00,63.60,44460.00,176085.00,0,0.02,-1.02,2.32,0.00010
0.00020,11.38,-10.19,-0.85,--,1,--,--,--,--,1240.55,1564.00,1409.09,1470.85,-298.09,1111.00,25250,26.90,NIFTY,100.25,100.25,--,--,3.30,5.60,65.00,--,--,--,--,0.15,-10.19,11.38,0.00020
0.00010,1.84,-0.82,-0.98,--,1,--,--,--,--,1286.80,1615.55,1459.09,1520.85,-308.84,1150.25,25300,13.40,NIFTY,3.45,3.45,--,--,3.30,4.50,4030.00,--,4030.00,7215.00,0,0.02,-0.82,1.84,0.00010
0.00020,12.55,-13.20,-0.82,--,1,--,--,--,--,1332.70,1668.05,1509.09,1570.85,-319.09,1190.00,25350,31.60,NIFTY,141.55,141.55,--,--,2.40,5.50,--,--,--,--,--,0.18,-13.20,12.55,0.00020
0.00010,1.93,-0.93,-0.98,--,1,--,--,--,--,1378.50,1718.65,1559.09,1620.85,-328.74,1230.35,25400,14.50,NIFTY,3.95,3.95,--,--,3.10,3.95,13975.00,27.20,2990.00,14040.00,--,0.02,-0.93,1.93,0.00010
0.00010,1.85,-0.91,-0.98,--,1,--,--,--,--,1424.55,1771.60,1609.09,1670.85,-337.94,1271.15,25450,14.80,NIFTY,3.80,3.80,--,--,2.10,4.60,3705.00,9.60,325.00,3510.00,--,0.02,-0.91,1.85,0.00010
--,1.46,-0.70,-0.99,--,1,--,--,--,65.00,1452.40,1819.25,1659.09,1720.85,-239.09,1420.00,25500,14.50,NIFTY,2.75,2.75,--,--,2.70,3.65,135395.00,48.90,44460.00,103740.00,--,0.01,-0.70,1.46,--
--,1.51,-0.76,-0.99,--,1,--,--,--,--,1516.65,1875.20,1709.09,1770.85,-354.84,1354.25,25550,15.00,NIFTY,3.00,3.00,--,--,2.50,4.00,455.00,-58.80,-650.00,1300.00,--,0.01,-0.76,1.51,--
--,1.38,-0.70,-0.99,--,1,--,--,--,--,1562.45,1925.90,1759.09,1820.85,-362.59,1396.50,25600,15.20,NIFTY,2.70,2.70,--,--,2.50,3.35,23075.00,-46.90,-20410.00,49660.00,--,0.01,-0.70,1.38,--
--,1.10,-0.55,-0.99,--,1,--,--,--,--,1608.30,1978.55,1809.09,1870.85,-369.94,1439.15,25650,15.00,NIFTY,2.00,2.00,--,--,2.20,3.95,520.00,--,--,130.00,--,0.01,-0.55,1.10,--
--,1.56,-0.85,-0.99,--,1,--,--,--,--,1654.35,2015.55,1859.09,1920.85,-376.84,1482.25,25700,16.40,NIFTY,3.40,3.40,--,--,2.40,3.45,6110.00,-5.10,-325.00,4420.00,--,0.01,-0.85,1.56,--
--,1.68,-0.96,-0.99,--,1,--,--,--,--,1700.50,2149.00,1909.09,1970.85,-383.34,1525.75,25750,17.10,NIFTY,3.90,3.90,--,--,1.75,3.80,780.00,--,--,--,--,0.01,-0.96,1.68,--
--,1.21,-0.66,-0.99,--,1,--,--,--,--,1746.65,2099.60,1959.09,2020.85,-389.44,1569.65,25800,16.40,NIFTY,2.45,2.45,--,--,2.10,2.90,4550.00,-5.40,-260.00,7280.00,--,0.01,-0.66,1.21,--
--,1.25,-0.71,-0.99,--,1,--,--,--,--,1792.25,2185.70,2009.09,2070.85,-395.24,1613.85,25850,16.90,NIFTY,2.65,2.65,--,--,1.80,2.70,520.00,14.30,65.00,65.00,0,0.01,-0.71,1.25,--
